Timestamp,Angle,Buzzer
1063,94,OFF
1184,85,OFF
1306,90,OFF
1427,90,OFF
1548,94,OFF
1670,94,OFF
1790,94,OFF
1911,94,OFF
2032,90,OFF
2154,94,OFF
2275,94,OFF
2396,90,OFF
2516,94,OFF
2638,90,OFF
2759,90,OFF
2880,94,OFF
3002,94,OFF
3123,90,OFF
3244,90,OFF
3364,90,OFF
3486,94,OFF
3607,90,OFF
3728,90,OFF
3849,90,OFF
3971,94,OFF
4091,90,OFF
4212,90,OFF
4333,90,OFF
4455,90,OFF
4576,94,OFF
4697,90,OFF
4817,94,OFF
4939,94,OFF
5060,103,OFF
5182,112,OFF
5304,126,OFF
5427,135,OFF
5549,148,OFF
5670,162,OFF
5792,166,OFF
5914,166,OFF
6037,171,ON
6158,175,ON
6279,180,ON
6401,171,ON
6521,175,ON
6642,175,ON
6764,171,ON
6885,171,ON
7006,180,ON
7128,175,ON
7248,171,ON
7369,180,ON
7490,184,ON
7612,171,ON
7733,166,OFF
7855,166,OFF
7977,148,OFF
8099,144,OFF
8221,116,OFF
8343,90,OFF
8464,63,OFF
8586,54,OFF
8707,45,OFF
8827,27,OFF
8949,13,OFF
9070,9,ON
9189,9,ON
9309,9,ON
9427,-4,ON
9548,9,ON
9667,0,ON
9786,-4,ON
9907,0,ON
10025,-13,ON
10146,9,ON
10266,0,ON
10385,-4,ON
10506,4,ON
10625,-9,ON
10745,4,ON
10864,4,ON
10984,-4,ON
11104,13,OFF
11225,0,ON
11344,-4,ON
11464,9,ON
11584,-4,ON
11704,0,ON
11823,9,ON
11942,-4,ON
12062,9,ON
12182,0,ON
12301,0,ON
12421,9,ON
12539,-4,ON
12660,9,ON
12779,0,ON
12899,-4,ON
13019,4,ON
13137,0,ON
13257,22,OFF
13378,40,OFF
13500,90,OFF
13621,94,OFF
13742,112,OFF
13863,130,OFF
13986,135,OFF
14108,135,OFF
14230,135,OFF
14352,135,OFF
14475,144,OFF
14597,148,OFF
14718,153,OFF
14840,166,OFF
14963,171,ON
15084,171,ON
15206,184,ON
15327,171,ON
15448,184,ON
15569,175,ON
15690,171,ON
15811,184,ON
15933,171,ON
16054,180,ON
16176,184,ON
16296,171,ON
16417,171,ON
16539,175,ON
16660,162,OFF
16782,130,OFF
16905,108,OFF
17027,112,OFF
17148,108,OFF
17270,103,OFF
17393,99,OFF
17514,94,OFF
17635,94,OFF
17757,76,OFF
17878,81,OFF
17998,90,OFF
18119,85,OFF
18241,85,OFF
18362,85,OFF
18483,85,OFF
18605,81,OFF
18725,85,OFF
18846,90,OFF
18968,85,OFF
19089,85,OFF
19210,85,OFF
19332,85,OFF
19452,85,OFF
19573,85,OFF
19695,85,OFF
19816,85,OFF
19937,90,OFF
20059,90,OFF
20179,85,OFF
20300,90,OFF
20421,90,OFF
20543,85,OFF
20664,90,OFF
20785,81,OFF
20907,85,OFF
21027,81,OFF
21148,90,OFF
21270,85,OFF
21391,90,OFF
21512,85,OFF
21634,90,OFF
21754,85,OFF
21875,90,OFF
21996,85,OFF
22118,85,OFF
22239,81,OFF
22360,90,OFF
22481,85,OFF
22602,85,OFF
22723,90,OFF
22845,85,OFF
22966,85,OFF
23087,85,OFF
23208,85,OFF
23329,90,OFF
23450,90,OFF
23572,85,OFF
23693,85,OFF
23814,90,OFF
23934,90,OFF
24056,85,OFF
24177,90,OFF
24298,85,OFF
24420,90,OFF
24541,90,OFF
24662,85,OFF
24783,85,OFF
24904,85,OFF
25025,85,OFF
25147,85,OFF
25268,90,OFF
25389,90,OFF
25510,85,OFF
25631,90,OFF
25752,85,OFF
25874,85,OFF
25995,85,OFF
26116,90,OFF
26236,85,OFF
26358,85,OFF
26479,90,OFF
26600,85,OFF
26722,90,OFF
26843,85,OFF
26963,85,OFF
27085,85,OFF
27206,85,OFF
27327,85,OFF
27449,90,OFF
27570,85,OFF
27691,81,OFF
27812,85,OFF
27933,90,OFF
28054,90,OFF
28176,94,OFF
28297,85,OFF
28418,90,OFF
28538,85,OFF
28660,85,OFF
28781,90,OFF
28902,85,OFF
29024,85,OFF
29145,85,OFF
29265,85,OFF
29387,85,OFF
29508,85,OFF
29629,85,OFF
29751,90,OFF
29872,85,OFF
29992,90,OFF
30114,85,OFF
30235,94,OFF
30356,85,OFF
30477,90,OFF
30599,90,OFF
30720,85,OFF
30841,81,OFF
30962,90,OFF
31083,85,OFF
31204,81,OFF
31326,85,OFF
31447,85,OFF
31567,90,OFF
31689,85,OFF
31810,90,OFF
31931,85,OFF
32053,90,OFF
32174,85,OFF
32294,90,OFF
32416,85,OFF
32537,85,OFF
32658,85,OFF
32780,85,OFF
32901,81,OFF
33021,85,OFF
33143,85,OFF
33264,81,OFF
33385,85,OFF
33507,90,OFF
33628,85,OFF
33748,85,OFF
33869,90,OFF
33991,85,OFF
34112,90,OFF
34233,85,OFF
34355,85,OFF
34476,90,OFF
34596,85,OFF
34718,85,OFF
34839,90,OFF
34960,90,OFF
35081,90,OFF
35203,85,OFF
35323,85,OFF
35444,85,OFF
35566,90,OFF
35687,85,OFF
35808,85,OFF
35930,81,OFF
36050,85,OFF
36171,90,OFF
36293,85,OFF
36414,90,OFF
36535,85,OFF
36657,85,OFF
36777,90,OFF
36898,85,OFF
37019,90,OFF
37141,85,OFF
37262,85,OFF
37383,85,OFF
37505,90,OFF
37625,85,OFF
37746,85,OFF
37868,85,OFF
37989,90,OFF
38110,85,OFF
38232,85,OFF
38352,85,OFF
38473,85,OFF
38594,90,OFF
38716,85,OFF
38837,85,OFF
38958,85,OFF
39079,85,OFF
39200,85,OFF
39321,90,OFF
39443,81,OFF
39564,103,OFF
39686,72,OFF
39808,85,OFF
39928,90,OFF
40049,85,OFF
40171,85,OFF
40292,85,OFF
40413,85,OFF
40535,85,OFF
40655,85,OFF
40776,85,OFF
40897,90,OFF
41019,90,OFF
41140,85,OFF
41262,85,OFF
41382,85,OFF
41503,85,OFF
41625,85,OFF
41746,90,OFF
41867,81,OFF
41988,85,OFF
42109,85,OFF
42230,85,OFF
42351,90,OFF
42473,85,OFF
42594,85,OFF
42715,85,OFF
42836,90,OFF
42957,81,OFF
43078,85,OFF
43200,85,OFF
43321,90,OFF
43442,81,OFF
43564,85,OFF
43684,85,OFF
43805,85,OFF
43927,85,OFF
44048,85,OFF
44169,85,OFF
44290,90,OFF
44411,85,OFF
44532,90,OFF
44653,85,OFF
44775,85,OFF
44896,85,OFF
45017,90,OFF
45138,85,OFF
45259,85,OFF
45380,85,OFF
45502,85,OFF
45623,90,OFF
45744,85,OFF
45865,81,OFF
45986,90,OFF
46107,85,OFF
46229,85,OFF
46350,85,OFF
46471,90,OFF
46592,85,OFF
46713,85,OFF
46834,85,OFF
46955,85,OFF
47077,90,OFF
47198,90,OFF
47319,85,OFF
47440,90,OFF
47561,90,OFF
47682,85,OFF
47804,85,OFF
47925,85,OFF
48046,90,OFF
48167,85,OFF
48288,81,OFF
48409,85,OFF
48531,90,OFF
48652,81,OFF
48773,90,OFF
48893,85,OFF
49015,90,OFF
49136,85,OFF
49257,90,OFF
49379,85,OFF
49500,90,OFF
49620,90,OFF
49742,90,OFF
49863,85,OFF
49984,85,OFF
50106,85,OFF
50227,85,OFF
50348,90,OFF
50469,85,OFF
50590,85,OFF
50711,85,OFF
50833,81,OFF
50954,85,OFF
51075,85,OFF
51196,85,OFF
51317,85,OFF
51438,85,OFF
51559,90,OFF
51681,85,OFF
51802,85,OFF
51923,85,OFF
52044,85,OFF
52165,85,OFF
52286,90,OFF
52408,90,OFF
52529,90,OFF
52649,85,OFF
52771,85,OFF
52892,85,OFF
53013,85,OFF
53135,85,OFF
53256,90,OFF
53377,85,OFF
53497,90,OFF
53619,85,OFF
53740,85,OFF
53862,85,OFF
53983,85,OFF
54104,90,OFF
54224,85,OFF
54346,85,OFF
54467,85,OFF
54588,85,OFF
54710,85,OFF
54831,85,OFF
54951,81,OFF
55073,85,OFF
55194,90,OFF
55315,85,OFF
55437,90,OFF
55558,90,OFF
55678,85,OFF
55800,85,OFF
55921,85,OFF
56042,85,OFF
56163,90,OFF
56285,85,OFF
56406,90,OFF
56526,90,OFF
56648,85,OFF
56769,85,OFF
56890,85,OFF
57012,85,OFF
57133,85,OFF
57253,85,OFF
57375,85,OFF
57496,85,OFF
57617,85,OFF
57739,85,OFF
57860,85,OFF
57980,90,OFF
58102,85,OFF
58223,81,OFF
58344,85,OFF
58466,85,OFF
58587,85,OFF
58707,85,OFF
58829,85,OFF
58950,85,OFF
59071,85,OFF
59193,81,OFF
59314,85,OFF
59435,90,OFF
59555,90,OFF
59677,85,OFF
59798,85,OFF
59919,85,OFF
60041,85,OFF
60162,85,OFF
60282,85,OFF
60404,90,OFF
60525,85,OFF
60646,90,OFF
60768,85,OFF
60889,90,OFF
61009,81,OFF
61131,85,OFF
61252,85,OFF
61373,85,OFF
61495,85,OFF
61616,85,OFF
61736,90,OFF
61858,85,OFF
61979,85,OFF
62100,85,OFF
62222,85,OFF
62343,85,OFF
62464,85,OFF
62585,85,OFF
62706,85,OFF
62827,85,OFF
62949,90,OFF
63070,90,OFF
63191,90,OFF
63311,85,OFF
63433,90,OFF
63554,90,OFF
63675,90,OFF
63797,85,OFF
63918,90,OFF
64038,85,OFF
64160,85,OFF
64281,90,OFF
64402,85,OFF
64524,90,OFF
64645,90,OFF
64765,81,OFF
64887,85,OFF
65008,81,OFF
65129,85,OFF
65251,85,OFF
65372,85,OFF
65492,85,OFF
65614,85,OFF
65735,90,OFF
65856,85,OFF
65977,90,OFF
66099,90,OFF
66220,90,OFF
66340,85,OFF
66462,81,OFF
66583,81,OFF
66704,85,OFF
66826,81,OFF
66947,85,OFF
67067,85,OFF
67189,85,OFF
67310,85,OFF
67431,85,OFF
67553,85,OFF
67674,85,OFF
67794,85,OFF
67916,90,OFF
68037,85,OFF
68158,85,OFF
68280,85,OFF
68401,85,OFF
68521,90,OFF
68642,90,OFF
68764,90,OFF
68885,90,OFF
69006,90,OFF
69128,85,OFF
69249,85,OFF
69369,85,OFF
69491,85,OFF
69612,85,OFF
69733,90,OFF
69855,85,OFF
69976,85,OFF
70096,90,OFF
70218,90,OFF
70339,85,OFF
70460,90,OFF
70582,85,OFF
70703,85,OFF
70823,81,OFF
70945,85,OFF
71066,85,OFF
71187,85,OFF
71309,85,OFF
71430,85,OFF
71550,90,OFF
71672,90,OFF
71793,85,OFF
71914,72,OFF
72035,90,OFF
72157,85,OFF
72278,90,OFF
72398,85,OFF
72520,85,OFF
72641,85,OFF
72762,90,OFF
72884,85,OFF
73005,85,OFF
73125,90,OFF
73247,85,OFF
73368,85,OFF
73489,81,OFF
73611,81,OFF
73732,90,OFF
73852,85,OFF
73974,90,OFF
74095,90,OFF
74216,85,OFF
74338,85,OFF
74459,85,OFF
74579,85,OFF
74701,81,OFF
74822,90,OFF
74943,90,OFF
75064,85,OFF
75186,85,OFF
75307,85,OFF
75427,90,OFF
75549,90,OFF
75670,85,OFF
75791,85,OFF
75913,90,OFF
76034,85,OFF
76154,90,OFF
76276,85,OFF
76397,85,OFF
76518,85,OFF
76640,85,OFF
76761,85,OFF
76881,90,OFF
77003,90,OFF
77124,85,OFF
77245,90,OFF
77366,85,OFF
77488,90,OFF
77608,90,OFF
77729,85,OFF
77851,90,OFF
77972,90,OFF
78093,85,OFF
78215,85,OFF
78336,90,OFF
78456,90,OFF
78578,85,OFF
78699,85,OFF
78820,85,OFF
78942,85,OFF
79063,90,OFF
79183,90,OFF
79304,90,OFF
79426,90,OFF
79547,90,OFF
79668,85,OFF
79790,90,OFF
79910,85,OFF
80031,81,OFF
80153,85,OFF
80274,85,OFF
80395,85,OFF
80517,85,OFF
80637,85,OFF
80758,85,OFF
80880,90,OFF
81001,85,OFF
81122,90,OFF
81244,90,OFF
81364,85,OFF
81485,94,OFF
81607,90,OFF
81728,90,OFF
81849,85,OFF
81971,85,OFF
82092,85,OFF
82212,85,OFF
82333,90,OFF
82455,90,OFF
82576,85,OFF
82697,85,OFF
82819,90,OFF
82939,90,OFF
83060,90,OFF
83182,85,OFF
83303,90,OFF
83424,85,OFF
83546,94,OFF
83666,90,OFF
83787,85,OFF
83908,85,OFF
84030,90,OFF
84151,85,OFF
84272,90,OFF
84393,103,OFF
84515,72,OFF
84636,90,OFF
84758,90,OFF
84879,90,OFF
85000,81,OFF
85122,85,OFF
85242,85,OFF
85363,85,OFF
85485,90,OFF
85606,90,OFF
85727,90,OFF
85849,85,OFF
85969,85,OFF
86090,90,OFF
86211,90,OFF
86333,90,OFF
86454,90,OFF
86575,94,OFF
86696,90,OFF
86817,85,OFF
86938,85,OFF
87060,85,OFF
87181,90,OFF
87302,85,OFF
87424,85,OFF
87544,90,OFF
87665,90,OFF
87787,85,OFF
87908,90,OFF
88029,85,OFF
88150,85,OFF
88271,85,OFF
88392,85,OFF
88513,85,OFF
88635,85,OFF
88756,85,OFF
88877,85,OFF
88998,85,OFF
89119,85,OFF
89240,90,OFF
89362,81,OFF
89483,85,OFF
89604,85,OFF
89725,85,OFF
89846,85,OFF
89967,90,OFF
90088,90,OFF
90210,85,OFF
90331,85,OFF
90451,90,OFF
90573,85,OFF
90694,90,OFF
90815,85,OFF
90937,85,OFF
91058,81,OFF
91179,85,OFF
91300,85,OFF
91421,90,OFF
91542,90,OFF
91664,85,OFF
91785,85,OFF
91906,90,OFF
92027,85,OFF
92148,85,OFF
92269,85,OFF
92391,85,OFF
92512,85,OFF
92633,90,OFF
92754,81,OFF
92875,85,OFF
92996,81,OFF
93118,90,OFF
93239,85,OFF
93360,85,OFF
93481,90,OFF
93602,90,OFF
93723,90,OFF
93844,85,OFF
93966,85,OFF
94087,90,OFF
94208,85,OFF
94329,85,OFF
94450,90,OFF
94571,85,OFF
94693,90,OFF
94814,85,OFF
94935,85,OFF
95056,85,OFF
95177,90,OFF
95298,85,OFF
95420,85,OFF
95541,85,OFF
95662,90,OFF
95782,85,OFF
95904,90,OFF
96025,85,OFF
96147,85,OFF
96268,85,OFF
96389,85,OFF
96509,90,OFF
96631,85,OFF
96752,85,OFF
96873,90,OFF
96995,85,OFF
97116,85,OFF
97238,85,OFF
97358,90,OFF
97479,85,OFF
97600,90,OFF
97722,85,OFF
97843,85,OFF
97964,85,OFF
98085,85,OFF
98206,85,OFF
98327,85,OFF
98449,85,OFF
98570,85,OFF
98691,85,OFF
98812,90,OFF
98933,85,OFF
99054,90,OFF
99176,85,OFF
99297,85,OFF
99418,85,OFF
99539,90,OFF
99660,85,OFF
99781,85,OFF
99903,85,OFF
100024,85,OFF
100145,81,OFF
100267,90,OFF
100387,85,OFF
100508,85,OFF
100630,90,OFF
100751,85,OFF
100872,90,OFF
100994,85,OFF
101114,90,OFF
101236,85,OFF
101357,85,OFF
101478,85,OFF
101600,85,OFF
101721,85,OFF
101841,85,OFF
101963,85,OFF
102084,90,OFF
102205,85,OFF
102327,90,OFF
102448,85,OFF
102569,85,OFF
102690,85,OFF
102811,85,OFF
102933,90,OFF
103054,85,OFF
103175,85,OFF
103297,90,OFF
103417,90,OFF
103538,90,OFF
103660,85,OFF
103781,85,OFF
103903,90,OFF
104024,85,OFF
104144,90,OFF
104266,85,OFF
104387,90,OFF
104508,85,OFF
104630,85,OFF
104751,90,OFF
104871,90,OFF
104993,85,OFF
105114,85,OFF
105236,85,OFF
105357,90,OFF
105478,90,OFF
105600,90,OFF
105720,90,OFF
105841,90,OFF
105963,85,OFF
106084,85,OFF
106205,85,OFF
106327,90,OFF
106447,85,OFF
106568,90,OFF
106690,90,OFF
106811,85,OFF
106932,85,OFF
107054,81,OFF
107174,81,OFF
107296,85,OFF
107417,85,OFF
107538,85,OFF
107660,85,OFF
107781,90,OFF
107901,85,OFF
108023,90,OFF
108144,85,OFF
108266,85,OFF
108387,85,OFF
108508,85,OFF
108630,85,OFF
108750,85,OFF
108872,85,OFF
108993,90,OFF
109114,85,OFF
109236,85,OFF
109357,90,OFF
109477,85,OFF
109599,90,OFF
109720,90,OFF
109841,85,OFF
109963,85,OFF
110084,81,OFF
110205,90,OFF
110326,90,OFF
110447,85,OFF
110569,85,OFF
110690,85,OFF
110811,90,OFF
110932,85,OFF
111053,85,OFF
111174,90,OFF
111296,85,OFF
111417,85,OFF
111539,85,OFF
111660,85,OFF
111780,85,OFF
111902,81,OFF
112023,90,OFF
112145,90,OFF
112266,85,OFF
112387,85,OFF
112508,85,OFF
112629,85,OFF
112750,85,OFF
112872,90,OFF
112993,85,OFF
113115,85,OFF
113235,90,OFF
113356,90,OFF
113478,85,OFF
113599,85,OFF
113720,85,OFF
113842,81,OFF
113963,85,OFF
114084,85,OFF
114205,85,OFF
114326,85,OFF
114448,85,OFF
114569,85,OFF
114690,85,OFF
114811,90,OFF
114932,85,OFF
115054,85,OFF
115175,81,OFF
115296,90,OFF
115418,85,OFF
115538,85,OFF
115659,81,OFF
115781,90,OFF
115902,90,OFF
116023,85,OFF
116145,85,OFF
116265,85,OFF
116387,85,OFF
116508,85,OFF
116629,90,OFF
116751,81,OFF
116872,90,OFF
116993,90,OFF
117114,90,OFF
117235,85,OFF
117357,90,OFF
117478,85,OFF
117599,85,OFF
117721,90,OFF
117841,90,OFF
117962,85,OFF
118084,85,OFF
118205,85,OFF
118327,85,OFF
118448,85,OFF
118568,90,OFF
118690,85,OFF
118811,90,OFF
118932,85,OFF
119054,85,OFF
119175,90,OFF
119297,85,OFF
119417,90,OFF
119538,85,OFF
119660,85,OFF
119781,85,OFF
119902,90,OFF
120024,85,OFF
120144,85,OFF
120265,90,OFF
120387,85,OFF
120508,85,OFF
120630,85,OFF
120751,90,OFF
120871,90,OFF
120993,90,OFF
121114,85,OFF
121235,85,OFF
121357,81,OFF
121478,90,OFF
121600,85,OFF
121720,90,OFF
121841,85,OFF
121963,90,OFF
122084,90,OFF
122205,90,OFF
122327,90,OFF
122447,85,OFF
122568,85,OFF
122690,85,OFF
122811,85,OFF
122933,85,OFF
123054,85,OFF
123174,85,OFF
123296,85,OFF
123417,90,OFF
123538,85,OFF
123660,85,OFF
123781,85,OFF
123902,85,OFF
124023,85,OFF
124144,85,OFF
124266,85,OFF
124387,85,OFF
124508,81,OFF
124630,85,OFF
124750,90,OFF
124871,90,OFF
124993,90,OFF
125114,90,OFF
125236,85,OFF
125357,85,OFF
125477,90,OFF
125599,81,OFF
125720,90,OFF
125841,90,OFF
125963,81,OFF
126084,90,OFF
126205,85,OFF
126326,85,OFF
126447,90,OFF
126569,85,OFF
126690,85,OFF
126811,85,OFF
126932,90,OFF
127053,85,OFF
127175,72,OFF
127296,85,OFF
127417,81,OFF
127539,85,OFF
127660,90,OFF
127780,85,OFF
127902,85,OFF
128023,85,OFF
128145,90,OFF
128266,90,OFF
128387,90,OFF
128508,85,OFF
128629,90,OFF
128750,85,OFF
128872,90,OFF
128993,90,OFF
129114,85,OFF
129235,85,OFF
129356,81,OFF
129478,85,OFF
129599,90,OFF
129720,85,OFF
129842,85,OFF
129963,85,OFF
130083,90,OFF
130205,90,OFF
130326,81,OFF
130448,85,OFF
130569,90,OFF
130690,85,OFF
130811,90,OFF
130932,85,OFF
131053,85,OFF
131175,85,OFF
131296,85,OFF
131417,90,OFF
131538,85,OFF
131659,90,OFF
131781,90,OFF
131902,85,OFF
132023,90,OFF
132145,85,OFF
132265,85,OFF
132386,90,OFF
132508,85,OFF
132629,85,OFF
132750,90,OFF
132872,85,OFF
132993,90,OFF
133114,81,OFF
133235,85,OFF
133356,85,OFF
133478,85,OFF
133599,90,OFF
133720,85,OFF
133841,85,OFF
133962,90,OFF
134084,85,OFF
134205,85,OFF
134326,85,OFF
134448,90,OFF
134568,85,OFF
134689,90,OFF
134811,90,OFF
134932,85,OFF
135054,85,OFF
135175,90,OFF
135296,90,OFF
135417,90,OFF
135538,85,OFF
135659,85,OFF
135781,85,OFF
135902,85,OFF
136024,85,OFF
136144,85,OFF
136265,85,OFF
136387,85,OFF
136508,90,OFF
136629,85,OFF
136751,85,OFF
136871,90,OFF
136993,85,OFF
137114,90,OFF
137235,85,OFF
137357,85,OFF
137478,85,OFF
137598,90,OFF
137720,85,OFF
137841,90,OFF
137963,85,OFF
138084,81,OFF
138205,85,OFF
138327,85,OFF
138447,85,OFF
138568,85,OFF
138690,85,OFF
138811,85,OFF
138933,85,OFF
139054,90,OFF
139174,81,OFF
139296,81,OFF
139417,85,OFF
139538,90,OFF
139660,85,OFF
139781,90,OFF
139902,90,OFF
140023,85,OFF
140144,90,OFF
140266,81,OFF
140387,85,OFF
140508,85,OFF
140630,85,OFF
140750,85,OFF
140872,90,OFF
140993,85,OFF
141114,85,OFF
141236,81,OFF
141357,85,OFF
141477,85,OFF
141599,90,OFF
141720,90,OFF
141842,85,OFF
141963,85,OFF
142084,85,OFF
142205,85,OFF
142326,90,OFF
142447,85,OFF
142569,90,OFF
142690,85,OFF
142811,90,OFF
142932,90,OFF
143053,85,OFF
143175,85,OFF
143296,90,OFF
143417,90,OFF
143539,90,OFF
143660,85,OFF
143780,81,OFF
143902,85,OFF
144023,85,OFF
144144,85,OFF
144266,85,OFF
144387,85,OFF
144508,85,OFF
144629,90,OFF
144750,85,OFF
144872,85,OFF
144993,81,OFF
145114,81,OFF
145235,85,OFF
145356,85,OFF
145478,90,OFF
145599,85,OFF
145720,85,OFF
145842,85,OFF
145963,85,OFF
146083,85,OFF
146205,90,OFF
146326,90,OFF
146448,90,OFF
146569,81,OFF
146690,90,OFF
146811,85,OFF
146932,85,OFF
147053,85,OFF
147175,85,OFF
147296,85,OFF
147418,81,OFF
147538,90,OFF
147659,85,OFF
147781,90,OFF
147902,81,OFF
148023,85,OFF
148145,90,OFF
148265,94,OFF
148386,90,OFF
148508,85,OFF
148629,90,OFF
148751,85,OFF
148872,81,OFF
148993,85,OFF
149114,85,OFF
149235,90,OFF
149356,90,OFF
149478,85,OFF
149599,81,OFF
149721,85,OFF
149841,90,OFF
149962,85,OFF
150084,85,OFF
150205,90,OFF
150326,85,OFF
150448,90,OFF
150568,85,OFF
150689,85,OFF
150811,90,OFF
150932,85,OFF
151054,85,OFF
151175,85,OFF
151296,85,OFF
151417,85,OFF
151538,85,OFF
151659,85,OFF
151781,85,OFF
151902,85,OFF
152023,90,OFF
152144,85,OFF
152265,81,OFF
152387,81,OFF
152508,85,OFF
152629,85,OFF
152751,85,OFF
152871,90,OFF
152992,90,OFF
153114,85,OFF
153235,85,OFF
153357,85,OFF
153478,81,OFF
153598,85,OFF
153720,85,OFF
153841,85,OFF
153963,85,OFF
154084,85,OFF
154205,85,OFF
154327,90,OFF
154447,90,OFF
154568,81,OFF
154690,85,OFF
154811,85,OFF
154933,85,OFF
155054,90,OFF
155174,90,OFF
155296,85,OFF
155417,85,OFF
155538,90,OFF
155660,85,OFF
155781,90,OFF
155901,90,OFF
156023,90,OFF
156144,90,OFF
156266,85,OFF
156387,85,OFF
156508,85,OFF
156630,90,OFF
156750,90,OFF
156871,90,OFF
156993,85,OFF
157114,81,OFF
157236,85,OFF
157357,85,OFF
157477,85,OFF
157599,85,OFF
157720,81,OFF
157841,85,OFF
157963,85,OFF
158084,90,OFF
158205,90,OFF
158326,85,OFF
158447,85,OFF
158569,90,OFF
158690,90,OFF
158811,85,OFF
158932,85,OFF
159053,90,OFF
159174,85,OFF
159296,85,OFF
159417,85,OFF
159539,85,OFF
159660,85,OFF
159780,85,OFF
159902,85,OFF
160023,90,OFF
160145,85,OFF
160266,85,OFF
160387,90,OFF
160508,94,OFF
160629,90,OFF
160750,90,OFF
160872,85,OFF
160993,85,OFF
161114,90,OFF
161235,81,OFF
161356,85,OFF
161478,85,OFF
161599,90,OFF
161720,85,OFF
161842,85,OFF
161963,85,OFF
162083,85,OFF
162205,85,OFF
162326,85,OFF
162448,85,OFF
162569,85,OFF
162690,85,OFF
162811,85,OFF
162932,85,OFF
163053,90,OFF
163175,85,OFF
163296,90,OFF
163418,85,OFF
163538,85,OFF
163659,85,OFF
163781,90,OFF
163902,81,OFF
164024,90,OFF
164145,85,OFF
164265,85,OFF
164387,85,OFF
164508,85,OFF
164629,85,OFF
164751,85,OFF
164872,85,OFF
164993,85,OFF
165114,81,OFF
165235,72,OFF
165357,85,OFF
165478,85,OFF
165599,85,OFF
165721,85,OFF
165841,85,OFF
165962,90,OFF
166084,90,OFF
166205,85,OFF
166327,90,OFF
166448,85,OFF
166568,85,OFF
166690,85,OFF
166811,85,OFF
166932,85,OFF
167054,85,OFF
167175,90,OFF
167297,90,OFF
167417,85,OFF
167538,90,OFF
167660,85,OFF
167781,85,OFF
167902,85,OFF
168024,85,OFF
168144,85,OFF
168266,85,OFF
168387,85,OFF
168508,85,OFF
168630,85,OFF
168751,85,OFF
168871,85,OFF
168993,90,OFF
169114,90,OFF
169235,90,OFF
169357,85,OFF
169478,81,OFF
169600,85,OFF
169720,85,OFF
169841,85,OFF
169963,85,OFF
170084,85,OFF
170206,90,OFF
170327,81,OFF
170447,81,OFF
170569,81,OFF
170690,90,OFF
170811,85,OFF
170933,85,OFF
171054,90,OFF
171174,85,OFF
171296,85,OFF
171417,85,OFF
171539,81,OFF
171660,85,OFF
171781,85,OFF
171902,85,OFF
172023,85,OFF
172144,85,OFF
172266,85,OFF
172387,85,OFF
172509,90,OFF
172630,85,OFF
172750,85,OFF
172872,85,OFF
172993,85,OFF
173114,90,OFF
173236,85,OFF
173357,90,OFF
173478,85,OFF
173599,85,OFF
173720,90,OFF
173842,85,OFF
173963,85,OFF
174084,85,OFF
174205,90,OFF
174326,85,OFF
174447,81,OFF
174569,90,OFF
174690,85,OFF
174812,90,OFF
174932,85,OFF
175053,85,OFF
175175,90,OFF
175296,85,OFF
175417,90,OFF
175539,90,OFF
175660,85,OFF
175781,85,OFF
175902,85,OFF
176023,90,OFF
176145,85,OFF
176266,85,OFF
176387,90,OFF
176508,85,OFF
176629,90,OFF
176751,85,OFF
176872,90,OFF
176993,90,OFF
177115,85,OFF
177235,85,OFF
177356,85,OFF
177478,85,OFF
177599,85,OFF
177721,85,OFF
177842,85,OFF
177963,85,OFF
178084,90,OFF
178205,85,OFF
178326,90,OFF
178448,85,OFF
178569,90,OFF
178691,81,OFF
178811,90,OFF
178932,85,OFF
179054,85,OFF
179175,90,OFF
179296,90,OFF
179418,85,OFF
179538,85,OFF
179659,90,OFF
179781,90,OFF
179902,85,OFF
180024,85,OFF
180145,90,OFF
180265,81,OFF
180387,90,OFF
180508,90,OFF
180629,90,OFF
180751,81,OFF
180872,85,OFF
180993,90,OFF
181114,85,OFF
181235,85,OFF
181357,85,OFF
181478,85,OFF
181599,85,OFF
181721,85,OFF
181841,90,OFF
181962,90,OFF
182084,90,OFF
182205,85,OFF
182327,81,OFF
182448,90,OFF
182568,90,OFF
182690,90,OFF
182811,85,OFF
182932,85,OFF
183054,85,OFF
183175,85,OFF
183297,85,OFF
183417,85,OFF
183538,90,OFF
183660,90,OFF
183781,85,OFF
183902,85,OFF
184024,81,OFF
184144,81,OFF
184265,85,OFF
184387,85,OFF
184508,85,OFF
184630,90,OFF
184751,85,OFF
184871,85,OFF
184993,81,OFF
185114,85,OFF
185235,90,OFF
185357,85,OFF
185478,85,OFF
185600,85,OFF
185720,85,OFF
185841,90,OFF
185963,85,OFF
186084,85,OFF
186205,85,OFF
186327,90,OFF
186447,85,OFF
186569,90,OFF
186690,85,OFF
186811,85,OFF
186933,85,OFF
187054,85,OFF
187174,90,OFF
187296,85,OFF
187417,90,OFF
187538,90,OFF
187660,85,OFF
187781,85,OFF
187902,85,OFF
188023,81,OFF
188144,90,OFF
188266,90,OFF
188387,85,OFF
188508,85,OFF
188630,85,OFF
188750,90,OFF
188872,90,OFF
188993,90,OFF
189114,85,OFF
189236,81,OFF
189357,85,OFF
189477,85,OFF
189599,90,OFF
189720,90,OFF
189842,90,OFF
189963,85,OFF
190084,85,OFF
190205,85,OFF
190326,85,OFF
190447,90,OFF
190569,90,OFF
190690,85,OFF
190811,90,OFF
190932,85,OFF
191053,90,OFF
191174,90,OFF
191296,85,OFF
191417,85,OFF
191539,90,OFF
191660,90,OFF
191780,90,OFF
191902,85,OFF
192023,85,OFF
192144,85,OFF
192266,85,OFF
192387,85,OFF
192508,90,OFF
192629,90,OFF
192750,90,OFF
192872,85,OFF
192993,85,OFF
193114,85,OFF
193235,90,OFF
193356,85,OFF
193478,90,OFF
193599,90,OFF
193720,90,OFF
193842,85,OFF
193963,85,OFF
194084,85,OFF
194205,85,OFF
194326,90,OFF
194448,81,OFF
194569,85,OFF
194690,85,OFF
194811,85,OFF
194932,90,OFF
195053,85,OFF
195175,81,OFF
195296,90,OFF
195418,85,OFF
195538,90,OFF
195659,90,OFF
195781,85,OFF
195902,85,OFF
196023,90,OFF
196145,90,OFF
196265,85,OFF
196387,85,OFF
196508,90,OFF
196629,90,OFF
196751,90,OFF
196872,85,OFF
196993,81,OFF
197114,85,OFF
197235,90,OFF
197357,90,OFF
197478,85,OFF
197599,90,OFF
197721,85,OFF
197841,85,OFF
197962,90,OFF
198084,85,OFF
198205,85,OFF
198327,90,OFF
198448,90,OFF
198568,85,OFF
198690,85,OFF
198811,85,OFF
198932,90,OFF
199054,85,OFF
199175,90,OFF
199297,90,OFF
199417,85,OFF
199538,90,OFF
199660,85,OFF
199781,85,OFF
199902,85,OFF
200024,85,OFF
200144,90,OFF
200265,85,OFF
200387,90,OFF
200508,90,OFF
200630,85,OFF
200751,85,OFF
200871,85,OFF
200993,85,OFF
201114,85,OFF
201235,90,OFF
201357,85,OFF
201478,90,OFF
201598,90,OFF
201720,90,OFF
201841,90,OFF
201963,85,OFF
202084,85,OFF
202205,85,OFF
202327,85,OFF
202447,85,OFF
202568,85,OFF
202690,90,OFF
202811,85,OFF
202933,85,OFF
203054,85,OFF
203174,85,OFF
203296,90,OFF
203417,85,OFF
203538,85,OFF
203660,90,OFF
203781,90,OFF
203902,85,OFF
204023,90,OFF
204144,90,OFF
204266,85,OFF
204387,85,OFF
204508,90,OFF
204630,85,OFF
204750,85,OFF
204872,85,OFF
204993,81,OFF
205114,85,OFF
205236,85,OFF
205357,85,OFF
205477,90,OFF
205599,90,OFF
205720,85,OFF
205842,90,OFF
205963,81,OFF
206084,85,OFF
206205,85,OFF
206326,85,OFF
206447,85,OFF
206569,85,OFF
206690,90,OFF
206812,85,OFF
206932,85,OFF
207053,90,OFF
207175,81,OFF
207296,90,OFF
207417,85,OFF
207539,90,OFF
207660,85,OFF
207780,85,OFF
207902,90,OFF
208023,85,OFF
208145,85,OFF
208266,85,OFF
208387,90,OFF
208508,85,OFF
208629,90,OFF
208750,81,OFF
208872,90,OFF
208993,85,OFF
209114,90,OFF
209235,85,OFF
209356,90,OFF
209478,85,OFF
209599,90,OFF
209720,85,OFF
209842,85,OFF
209963,90,OFF
210083,90,OFF
210205,85,OFF
210326,90,OFF
210447,90,OFF
210569,81,OFF
210690,81,OFF
210811,85,OFF
210932,85,OFF
211053,85,OFF
211175,90,OFF
211296,90,OFF
211417,90,OFF
211538,85,OFF
211659,85,OFF
211781,85,OFF
211902,90,OFF
212023,85,OFF
212145,85,OFF
212265,85,OFF
212386,85,OFF
212508,85,OFF
212629,85,OFF
212751,90,OFF
212872,90,OFF
212993,90,OFF
213114,90,OFF
213235,90,OFF
213356,85,OFF
213478,85,OFF
213599,85,OFF
213721,85,OFF
213841,85,OFF
213962,85,OFF
214084,90,OFF
214205,90,OFF
214326,90,OFF
214448,85,OFF
214568,85,OFF
214690,85,OFF
214811,90,OFF
214932,85,OFF
215054,90,OFF
215175,85,OFF
215296,85,OFF
215417,81,OFF
215538,85,OFF
215660,85,OFF
215781,85,OFF
215902,90,OFF
216024,85,OFF
216144,81,OFF
216265,85,OFF
216387,85,OFF
216508,85,OFF
216630,85,OFF
216751,85,OFF
216871,85,OFF
216993,85,OFF
217114,85,OFF
217235,90,OFF
217357,85,OFF
217478,85,OFF
217600,90,OFF
217720,85,OFF
217841,85,OFF
217963,85,OFF
218084,85,OFF
218205,90,OFF
218327,85,OFF
218447,85,OFF
218569,90,OFF
218690,90,OFF
218811,90,OFF
218933,85,OFF
219054,85,OFF
219174,90,OFF
219296,85,OFF
219417,85,OFF
219539,85,OFF
219660,85,OFF
219781,90,OFF
219902,85,OFF
220023,85,OFF
220144,90,OFF
220266,85,OFF
220387,85,OFF
220509,85,OFF
220630,85,OFF
220750,85,OFF
220872,90,OFF
220993,90,OFF
221114,85,OFF
221236,85,OFF
221357,85,OFF
221478,85,OFF
221599,90,OFF
221720,90,OFF
221842,85,OFF
221963,85,OFF
222084,90,OFF
222205,90,OFF
222326,85,OFF
222447,85,OFF
222569,81,OFF
222690,85,OFF
222812,85,OFF
222932,90,OFF
223053,85,OFF
223175,85,OFF
223296,85,OFF
223418,85,OFF
223539,85,OFF
223660,85,OFF
223781,85,OFF
223902,85,OFF
224023,85,OFF
224145,85,OFF
224266,90,OFF
224388,90,OFF
224508,85,OFF
224629,90,OFF
224751,85,OFF
224872,90,OFF
224993,85,OFF
225115,90,OFF
225235,90,OFF
225356,90,OFF
225478,85,OFF
225599,85,OFF
225721,90,OFF
225842,90,OFF
225963,90,OFF
226084,85,OFF
226205,85,OFF
226326,85,OFF
226448,90,OFF
226569,85,OFF
226691,85,OFF
226811,90,OFF
226932,85,OFF
227054,85,OFF
227175,90,OFF
227296,85,OFF
227418,85,OFF
227538,85,OFF
227660,90,OFF
227781,90,OFF
227902,81,OFF
228024,90,OFF
228145,85,OFF
228265,90,OFF
228387,85,OFF
228508,90,OFF
228630,90,OFF
228751,85,OFF
228872,81,OFF
228994,85,OFF
229114,85,OFF
229235,85,OFF
229357,85,OFF
229478,85,OFF
229600,90,OFF
229721,85,OFF
229841,90,OFF
229963,81,OFF
230084,85,OFF
230205,90,OFF
230327,90,OFF
230448,90,OFF
230568,90,OFF
230690,85,OFF
230811,85,OFF
230933,81,OFF
231054,85,OFF
231175,85,OFF
231297,85,OFF
231417,90,OFF
231538,85,OFF
231660,90,OFF
231781,85,OFF
231903,90,OFF
232024,85,OFF
232144,90,OFF
232266,90,OFF
232387,85,OFF
232508,85,OFF
232630,90,OFF
232751,85,OFF
232872,85,OFF
232993,85,OFF
233114,85,OFF
233236,85,OFF
233357,85,OFF
233479,85,OFF
233600,85,OFF
233720,90,OFF
233842,90,OFF
233963,90,OFF
234084,85,OFF
234206,85,OFF
234327,85,OFF
234448,85,OFF
234569,90,OFF
234690,85,OFF
234812,85,OFF
234933,85,OFF
235054,85,OFF
235175,85,OFF
235296,90,OFF
235417,85,OFF
235539,85,OFF
235660,85,OFF
235782,85,OFF
235902,90,OFF
236023,90,OFF
236145,85,OFF
236266,85,OFF
236388,85,OFF
236509,85,OFF
236630,85,OFF
236751,85,OFF
236872,85,OFF
236993,90,OFF
237115,90,OFF
237236,81,OFF
237358,90,OFF
237478,85,OFF
237599,85,OFF
237721,81,OFF
237842,90,OFF
237964,85,OFF
238085,85,OFF
238205,90,OFF
238327,85,OFF
238448,85,OFF
238569,85,OFF
238691,85,OFF
238812,85,OFF
238934,85,OFF
239054,85,OFF
239175,85,OFF
239297,85,OFF
239418,85,OFF
239540,85,OFF
239661,85,OFF
239781,85,OFF
239903,90,OFF
240024,85,OFF
240145,90,OFF
240267,85,OFF
240388,90,OFF
240509,90,OFF
240630,85,OFF
240751,90,OFF
240873,85,OFF
240994,85,OFF
241115,85,OFF
241236,90,OFF
241357,85,OFF
241479,90,OFF
241600,85,OFF
241721,85,OFF
241843,85,OFF
241964,90,OFF
242084,90,OFF
242206,85,OFF
242327,85,OFF
242449,85,OFF
242570,85,OFF
242691,85,OFF
242812,85,OFF
242933,85,OFF
243055,85,OFF
243176,85,OFF
243297,81,OFF
243419,81,OFF
243539,85,OFF
243660,85,OFF
243782,90,OFF
243903,85,OFF
244025,90,OFF
244146,90,OFF
244267,90,OFF
244388,85,OFF
244509,85,OFF
244630,90,OFF
244752,85,OFF
244873,85,OFF
244995,90,OFF
245115,85,OFF
245236,81,OFF
245358,94,OFF
245479,81,OFF
245600,85,OFF
245722,90,OFF
245842,85,OFF
245964,90,OFF
246085,85,OFF
246206,85,OFF
246328,85,OFF
246449,90,OFF
246569,90,OFF
246691,85,OFF
246812,85,OFF
246933,90,OFF
247055,90,OFF
247176,85,OFF
247298,85,OFF
247418,81,OFF
247539,85,OFF
247661,85,OFF
247782,90,OFF
247903,90,OFF
248025,90,OFF
248145,90,OFF
248266,81,OFF
248388,90,OFF
248509,85,OFF
248631,90,OFF
248752,85,OFF
248872,85,OFF
248994,85,OFF
249115,85,OFF
249237,85,OFF
249358,85,OFF
249479,85,OFF
249601,90,OFF
249721,85,OFF
249842,85,OFF
249964,90,OFF
250085,90,OFF
250206,90,OFF
250328,90,OFF
250448,90,OFF
250569,85,OFF
250691,85,OFF
250812,90,OFF
250934,85,OFF
251055,85,OFF
251175,90,OFF
251297,81,OFF
251418,85,OFF
251540,85,OFF
251661,85,OFF
251782,85,OFF
251904,85,OFF
252024,85,OFF
252145,85,OFF
252267,90,OFF
252388,90,OFF
252510,85,OFF
252631,85,OFF
252751,90,OFF
252873,85,OFF
252994,85,OFF
253116,85,OFF
253237,85,OFF
253358,90,OFF
253479,85,OFF
253600,90,OFF
253721,90,OFF
253843,90,OFF
253964,81,OFF
254085,85,OFF
254206,81,OFF
254327,90,OFF
254449,85,OFF
254570,90,OFF
254691,90,OFF
254813,90,OFF
254934,85,OFF
255054,90,OFF
255176,85,OFF
255297,90,OFF
255418,90,OFF
255540,85,OFF
255661,90,OFF
255782,85,OFF
255903,85,OFF
256024,90,OFF
256146,85,OFF
256267,85,OFF
256389,90,OFF
256509,90,OFF
256630,90,OFF
256752,85,OFF
256873,90,OFF
256994,85,OFF
257116,90,OFF
257236,90,OFF
257357,85,OFF
257479,85,OFF
257600,85,OFF
257721,85,OFF
257843,81,OFF
257964,85,OFF
258085,90,OFF
258206,90,OFF
258327,85,OFF
258449,90,OFF
258570,81,OFF
258691,85,OFF
258812,85,OFF
258933,85,OFF
259055,90,OFF
259176,81,OFF
259297,85,OFF
259419,85,OFF
259539,85,OFF
259660,85,OFF
259782,85,OFF
259903,85,OFF
260025,90,OFF
260146,81,OFF
260267,85,OFF
260388,99,OFF
260509,85,OFF
260631,81,OFF
260752,81,OFF
260873,85,OFF
260995,85,OFF
261115,85,OFF
261236,81,OFF
261358,85,OFF
261479,85,OFF
261601,85,OFF
261722,90,OFF
261842,90,OFF
261964,85,OFF
262085,90,OFF
262206,85,OFF
262328,90,OFF
262449,90,OFF
262569,85,OFF
262691,90,OFF
262812,90,OFF
262934,90,OFF
263055,90,OFF
263176,85,OFF
263298,90,OFF
263418,90,OFF
263539,85,OFF
263661,85,OFF
263782,85,OFF
263904,85,OFF
264025,85,OFF
264145,85,OFF
264267,90,OFF
264388,90,OFF
264509,90,OFF
264631,90,OFF
264752,85,OFF
264872,90,OFF
264994,85,OFF
265115,90,OFF
265237,90,OFF
265358,85,OFF
265479,90,OFF
265601,85,OFF
265721,90,OFF
265842,85,OFF
265964,90,OFF
266085,90,OFF
266206,85,OFF
266328,81,OFF
266448,85,OFF
266570,85,OFF
266691,85,OFF
266812,85,OFF
266934,90,OFF
267055,90,OFF
267175,85,OFF
267297,85,OFF
267418,85,OFF
267540,90,OFF
267661,85,OFF
267782,90,OFF
267904,90,OFF
268024,90,OFF
268145,85,OFF
268267,85,OFF
268388,85,OFF
268510,90,OFF
268631,90,OFF
268751,85,OFF
268873,85,OFF
268994,85,OFF
269115,85,OFF
269237,85,OFF
269358,85,OFF
269479,90,OFF
269600,85,OFF
269721,90,OFF
269843,81,OFF
269964,90,OFF
270085,85,OFF
270206,90,OFF
270327,85,OFF
270449,81,OFF
270570,90,OFF
270691,85,OFF
270813,85,OFF
270934,85,OFF
271054,90,OFF
271176,85,OFF
271297,85,OFF
271419,85,OFF
271540,85,OFF
271661,85,OFF
271782,81,OFF
271903,90,OFF
272024,85,OFF
272146,81,OFF
272267,85,OFF
272389,85,OFF
272509,85,OFF
272630,81,OFF
272752,85,OFF
272873,85,OFF
272995,85,OFF
273116,85,OFF
273236,90,OFF
273358,85,OFF
273479,85,OFF
273600,90,OFF
273722,85,OFF
273843,85,OFF
273965,85,OFF
274085,85,OFF
274206,85,OFF
274328,85,OFF
274449,90,OFF
274570,85,OFF
274692,90,OFF
274812,85,OFF
274934,85,OFF
275055,85,OFF
275176,85,OFF
275298,85,OFF
275419,85,OFF
275539,85,OFF
275661,90,OFF
275782,85,OFF
275904,85,OFF
276025,85,OFF
276146,90,OFF
276268,90,OFF
276388,85,OFF
276509,85,OFF
276631,85,OFF
276752,85,OFF
276874,85,OFF
276995,85,OFF
277115,90,OFF
277237,85,OFF
277358,90,OFF
277479,85,OFF
277601,90,OFF
277722,85,OFF
277843,90,OFF
277964,85,OFF
278085,85,OFF
278207,90,OFF
278328,85,OFF
278450,81,OFF
278571,85,OFF
278691,85,OFF
278813,90,OFF
278934,90,OFF
279055,85,OFF
279177,81,OFF
279298,90,OFF
279419,85,OFF
279540,85,OFF
279661,85,OFF
279783,85,OFF
279904,85,OFF
280025,85,OFF
280146,90,OFF
280267,90,OFF
280389,85,OFF
280510,85,OFF
280631,90,OFF
280753,90,OFF
280873,85,OFF
280994,85,OFF
281116,85,OFF
281237,81,OFF
281359,85,OFF
281480,85,OFF
281601,85,OFF
281722,90,OFF
281843,90,OFF
281964,85,OFF
282086,90,OFF
282207,85,OFF
282329,85,OFF
282449,85,OFF
282570,85,OFF
282692,85,OFF
282813,81,OFF
282934,85,OFF
283056,85,OFF
283176,85,OFF
283298,90,OFF
283419,85,OFF
283540,85,OFF
283662,85,OFF
283783,90,OFF
283904,85,OFF
284025,90,OFF
284146,90,OFF
284268,81,OFF
284389,85,OFF
284510,85,OFF
284632,85,OFF
284752,85,OFF
284873,85,OFF
284995,85,OFF
285116,90,OFF
285238,85,OFF
285359,85,OFF
285479,85,OFF
285601,85,OFF
285722,85,OFF
285843,90,OFF
285965,85,OFF
286086,90,OFF
286208,85,OFF
286328,90,OFF
286449,85,OFF
286571,90,OFF
286692,85,OFF
286813,85,OFF
286935,85,OFF
287055,90,OFF
287177,85,OFF
287298,85,OFF
287419,90,OFF
287541,85,OFF
287662,90,OFF
287782,85,OFF
287904,85,OFF
288025,85,OFF
288147,85,OFF
288268,90,OFF
288389,85,OFF
288510,90,OFF
288631,85,OFF
288752,85,OFF
288874,85,OFF
288995,81,OFF
289117,85,OFF
289238,85,OFF
289358,81,OFF
289480,90,OFF
289601,90,OFF
289722,90,OFF
289844,90,OFF
289965,90,OFF
290085,85,OFF
290207,85,OFF
290328,90,OFF
290450,85,OFF
290571,90,OFF
290692,90,OFF
290813,81,OFF
290934,90,OFF
291055,85,OFF
291177,81,OFF
291298,85,OFF
291420,85,OFF
291540,85,OFF
291661,85,OFF
291783,90,OFF
291904,85,OFF
292025,85,OFF
292147,85,OFF
292268,90,OFF
292388,90,OFF
292510,90,OFF
292631,85,OFF
292753,90,OFF
292874,90,OFF
292995,90,OFF
293116,90,OFF
293237,85,OFF
293358,85,OFF
293480,81,OFF
293601,85,OFF
293723,90,OFF
293843,85,OFF
293964,85,OFF
294086,90,OFF
294207,90,OFF
294328,81,OFF
294450,90,OFF
294571,85,OFF
294692,85,OFF
294813,85,OFF
294934,90,OFF
295056,81,OFF
295177,85,OFF
295298,90,OFF
295419,85,OFF
295540,90,OFF
295662,85,OFF
295783,90,OFF
295904,81,OFF
296026,85,OFF
296146,85,OFF
296268,85,OFF
296389,85,OFF
296510,85,OFF
296632,85,OFF
296753,90,OFF
296873,85,OFF
296995,85,OFF
297116,90,OFF
297238,85,OFF
297359,90,OFF
297480,90,OFF
297602,85,OFF
297722,85,OFF
297843,90,OFF
297965,85,OFF
298086,90,OFF
298207,85,OFF
298329,85,OFF
298449,90,OFF
298571,85,OFF
298692,85,OFF
298813,81,OFF
298935,85,OFF
299056,85,OFF
299177,90,OFF
299298,85,OFF
299419,85,OFF
299541,90,OFF
299662,85,OFF
299783,85,OFF
299905,90,OFF
300025,90,OFF
300147,90,OFF
300268,90,OFF
300389,85,OFF
300511,85,OFF
300632,85,OFF
300752,85,OFF
300874,90,OFF
300995,85,OFF
301117,85,OFF
301238,85,OFF
301359,90,OFF
301480,90,OFF
301601,90,OFF
301722,85,OFF
301844,90,OFF
301965,85,OFF
302087,85,OFF
302208,85,OFF
302328,90,OFF
302450,85,OFF
302571,90,OFF
302692,81,OFF
302814,85,OFF
302935,90,OFF
303056,90,OFF
303177,90,OFF
303298,90,OFF
303420,90,OFF
303541,85,OFF
303662,81,OFF
303783,90,OFF
303904,81,OFF
304026,85,OFF
304147,85,OFF
304268,90,OFF
304390,90,OFF
304510,85,OFF
304631,85,OFF
304753,85,OFF
304874,81,OFF
304996,85,OFF
305117,90,OFF
305238,85,OFF
305359,85,OFF
305480,85,OFF
305601,90,OFF
305723,90,OFF
305844,85,OFF
305966,85,OFF
306086,85,OFF
306207,85,OFF
306329,85,OFF
306450,85,OFF
306571,90,OFF
306693,85,OFF
306813,85,OFF
306935,90,OFF
307056,85,OFF
307177,85,OFF
307299,90,OFF
307420,90,OFF
307540,85,OFF
307662,90,OFF
307783,85,OFF
307904,85,OFF
308026,90,OFF
308147,81,OFF
308269,85,OFF
308389,90,OFF
308510,85,OFF
308632,85,OFF
308753,90,OFF
308874,90,OFF
308996,81,OFF
309116,85,OFF
309238,85,OFF
309359,90,OFF
309480,90,OFF
309602,85,OFF
309723,90,OFF
309843,85,OFF
309965,85,OFF
310086,85,OFF
310208,85,OFF
310329,85,OFF
310450,85,OFF
310572,90,OFF
310692,90,OFF
310814,85,OFF
310935,81,OFF
311056,85,OFF
311178,90,OFF
311299,90,OFF
311419,85,OFF
311541,85,OFF
311662,90,OFF
311784,85,OFF
311905,90,OFF
312026,85,OFF
312147,85,OFF
312268,85,OFF
312389,85,OFF
312511,85,OFF
312632,85,OFF
312754,85,OFF
312875,85,OFF
312995,85,OFF
313117,85,OFF
313238,81,OFF
313359,90,OFF
313481,85,OFF
313602,85,OFF
313723,85,OFF
313844,90,OFF
313965,90,OFF
314087,85,OFF
314208,90,OFF
314329,85,OFF
314450,90,OFF
314571,90,OFF
314692,85,OFF
314814,85,OFF
314935,85,OFF
315057,90,OFF
315177,85,OFF
315298,90,OFF
315420,85,OFF
315541,81,OFF
315663,103,OFF
315785,72,OFF
315906,90,OFF
316027,85,OFF
316148,85,OFF
316269,85,OFF
316391,85,OFF
316512,85,OFF
316634,85,OFF
316754,90,OFF
316875,85,OFF
316997,85,OFF
317118,85,OFF
317239,90,OFF
317361,85,OFF
317481,85,OFF
317603,85,OFF
317724,85,OFF
317845,85,OFF
317967,85,OFF
318088,85,OFF
318210,85,OFF
318330,90,OFF
318451,85,OFF
318573,85,OFF
318694,81,OFF
318815,90,OFF
318937,90,OFF
319057,85,OFF
319179,72,OFF
319300,103,OFF
319422,85,OFF
319544,85,OFF
319665,85,OFF
319785,85,OFF
319907,85,OFF
320028,85,OFF
320150,85,OFF
320271,90,OFF
320392,85,OFF
320514,85,OFF
320634,85,OFF
320755,90,OFF
320877,85,OFF
320998,85,OFF
321120,85,OFF
321241,85,OFF
321361,81,OFF
321483,85,OFF
321604,90,OFF
321726,85,OFF
321847,90,OFF
321968,81,OFF
322089,81,OFF
322210,90,OFF
322331,90,OFF
322453,81,OFF
322574,85,OFF
322696,85,OFF
322817,90,OFF
322937,90,OFF
323059,85,OFF
323180,90,OFF
323301,90,OFF
323423,90,OFF
323544,90,OFF
323665,85,OFF
323786,90,OFF
323907,90,OFF
324029,81,OFF
324150,85,OFF
324271,85,OFF
324392,85,OFF
324513,85,OFF
324635,85,OFF
324756,90,OFF
324877,85,OFF
324999,90,OFF
325120,85,OFF
325240,85,OFF
325362,85,OFF
325483,85,OFF
325605,90,OFF
325726,85,OFF
325847,90,OFF
325968,90,OFF
326089,85,OFF
326210,85,OFF
326332,90,OFF
326453,85,OFF
326575,72,OFF
326695,85,OFF
326816,85,OFF
326938,90,OFF
327059,90,OFF
327180,85,OFF
327302,85,OFF
327422,85,OFF
327544,90,OFF
327665,85,OFF
327786,85,OFF
327908,85,OFF
328029,85,OFF
328150,90,OFF
328271,85,OFF
328392,85,OFF
328514,85,OFF
328635,90,OFF
328756,81,OFF
328878,90,OFF
328998,85,OFF
329120,85,OFF
329241,85,OFF
329362,85,OFF
329484,85,OFF
329605,81,OFF
329726,90,OFF
329847,85,OFF
329968,90,OFF
330090,85,OFF
330211,85,OFF
330332,85,OFF
330454,85,OFF
330574,85,OFF
330696,90,OFF
330817,85,OFF
330938,85,OFF
331060,90,OFF
331181,85,OFF
331301,85,OFF
331423,90,OFF
331544,85,OFF
331666,85,OFF
331787,90,OFF
331908,85,OFF
332029,90,OFF
332150,85,OFF
332271,85,OFF
332393,85,OFF
332514,90,OFF
332636,85,OFF
332756,85,OFF
332877,90,OFF
332999,90,OFF
333120,85,OFF
333241,85,OFF
333363,85,OFF
333484,85,OFF
333605,85,OFF
333726,85,OFF
333847,85,OFF
333969,85,OFF
334090,81,OFF
334211,81,OFF
334332,85,OFF
334453,85,OFF
334575,90,OFF
334696,85,OFF
334817,90,OFF
334939,81,OFF
335059,90,OFF
335181,85,OFF
335302,94,OFF
335423,90,OFF
335545,85,OFF
335666,85,OFF
335787,85,OFF
335908,85,OFF
336029,85,OFF
336151,85,OFF
336272,85,OFF
336393,85,OFF
336515,85,OFF
336635,81,OFF
336757,85,OFF
336878,85,OFF
336999,85,OFF
337121,85,OFF
337242,90,OFF
337362,85,OFF
337484,85,OFF
337605,85,OFF
337727,90,OFF
337848,85,OFF
337969,85,OFF
338091,85,OFF
338211,85,OFF
338333,85,OFF
338454,85,OFF
338575,85,OFF
338697,85,OFF
338818,85,OFF
338938,90,OFF
339060,85,OFF
339181,85,OFF
339303,90,OFF
339424,85,OFF
339545,81,OFF
339666,85,OFF
339787,85,OFF
339909,85,OFF
340030,85,OFF
340151,90,OFF
340273,85,OFF
340393,81,OFF
340514,85,OFF
340636,90,OFF
340757,90,OFF
340878,81,OFF
341000,85,OFF
341121,90,OFF
341242,81,OFF
341363,90,OFF
341484,90,OFF
341606,90,OFF
341727,90,OFF
341848,85,OFF
341969,90,OFF
342090,90,OFF
342211,85,OFF
342333,85,OFF
342454,85,OFF
342576,90,OFF
342696,81,OFF
342817,85,OFF
342939,85,OFF
343060,85,OFF
343182,90,OFF
343303,85,OFF
343424,85,OFF
343545,85,OFF
343666,85,OFF
343787,85,OFF
343909,90,OFF
344030,85,OFF
344152,90,OFF
344272,85,OFF
344393,85,OFF
344515,90,OFF
344636,85,OFF
344757,85,OFF
344879,90,OFF
344999,85,OFF
345121,85,OFF
345242,90,OFF
345363,90,OFF
345485,85,OFF
345606,85,OFF
345726,85,OFF
345848,90,OFF
345969,85,OFF
346091,90,OFF
346212,90,OFF
346333,85,OFF
346455,85,OFF
346575,90,OFF
346696,90,OFF
346818,85,OFF
346939,85,OFF
347061,90,OFF
347182,85,OFF
347302,85,OFF
347424,85,OFF
347545,90,OFF
347666,90,OFF
347788,90,OFF
347909,90,OFF
348030,85,OFF
348151,85,OFF
348272,85,OFF
348394,85,OFF
348515,90,OFF
348636,85,OFF
348758,85,OFF
348878,90,OFF
349000,90,OFF
349121,90,OFF
349242,90,OFF
349364,85,OFF
349485,85,OFF
349605,85,OFF
349727,85,OFF
349848,85,OFF
349970,90,OFF
350091,85,OFF
350212,85,OFF
350333,85,OFF
350454,85,OFF
350576,90,OFF
350697,85,OFF
350818,85,OFF
350940,90,OFF
351060,81,OFF
351182,85,OFF
351303,90,OFF
351424,90,OFF
351546,85,OFF
351667,85,OFF
351788,90,OFF
351909,90,OFF
352030,85,OFF
352151,85,OFF
352273,85,OFF
352394,85,OFF
352516,85,OFF
352636,85,OFF
352757,85,OFF
352879,85,OFF
353000,90,OFF
353122,85,OFF
353243,85,OFF
353363,90,OFF
353485,85,OFF
353606,85,OFF
353727,85,OFF
353849,85,OFF
353970,85,OFF
354092,85,OFF
354212,90,OFF
354333,85,OFF
354455,81,OFF
354576,85,OFF
354698,85,OFF
354819,85,OFF
354939,85,OFF
355061,85,OFF
355182,90,OFF
355303,85,OFF
355425,85,OFF
355546,85,OFF
355667,85,OFF
